,match_id,over,ball,wide_runs,bye_runs,legbye_runs,noball_runs,penalty_runs,batsman_runs,extra_runs,total_runs
count,36814.0,36814.0,36814.0,36814.0,36814.0,36814.0,36814.0,36814.0,36814.0,36814.0,36814.0
mean,318.3428043679035,10.409002010104851,3.621801488564133,0.036969631118596184,0.005269734340196664,0.02080730157005487,0.0044548269680013035,0.0,1.2433313413375346,0.06750149399684903,1.3108328353343837
std,183.53547395059354,5.763502160548083,1.8065018238053683,0.2601110121202773,0.12099983595188493,0.189076478236928,0.06900053450059793,0.0,1.608069167954416,0.3465551543892554,1.5963869702019653
min,1.0,1.0,1.0,0.0,0.0,0.0,0.0,0.0,0.0,0.0,0.0
25%,159.0,5.0,2.0,0.0,0.0,0.0,0.0,0.0,0.0,0.0,0.0
50%,327.0,10.0,4.0,0.0,0.0,0.0,0.0,0.0,1.0,0.0,1.0
75%,483.0,15.0,5.0,0.0,0.0,0.0,0.0,0.0,1.0,0.0,1.0
max,636.0,20.0,9.0,5.0,4.0,5.0,2.0,0.0,6.0,5.0,7.0
